username,email,password
admin,admin@gmail.com,admin
user001,user001@example.com,Password001!
user002,user002@example.com,Password002!
user003,user003@example.com,Password003!
user004,user004@example.com,Password004!
user005,user005@example.com,Password005!
user006,user006@example.com,Password006!
user007,user007@example.com,Password007!
user008,user008@example.com,Password008!
user009,user009@example.com,Password009!
user010,user010@example.com,Password010!
user011,user011@example.com,Password011!
user012,user012@example.com,Password012!
user013,user013@example.com,Password013!
user014,user014@example.com,Password014!
user015,user015@example.com,Password015!
user016,user016@example.com,Password016!
user017,user017@example.com,Password017!
user018,user018@example.com,Password018!
user019,user019@example.com,Password019!
user020,user020@example.com,Password020!
user021,user021@example.com,Password021!
user022,user022@example.com,Password022!
user023,user023@example.com,Password023!
user024,user024@example.com,Password024!
user025,user025@example.com,Password025!
user026,user026@example.com,Password026!
user027,user027@example.com,Password027!
user028,user028@example.com,Password028!
user029,user029@example.com,Password029!
user030,user030@example.com,Password030!
user031,user031@example.com,Password031!
user032,user032@example.com,Password032!
user033,user033@example.com,Password033!
user034,user034@example.com,Password034!
user035,user035@example.com,Password035!
user036,user036@example.com,Password036!
user037,user037@example.com,Password037!
user038,user038@example.com,Password038!
user039,user039@example.com,Password039!
user040,user040@example.com,Password040!
user041,user041@example.com,Password041!
user042,user042@example.com,Password042!
user043,user043@example.com,Password043!
user044,user044@example.com,Password044!
user045,user045@example.com,Password045!
user046,user046@example.com,Password046!
user047,user047@example.com,Password047!
user048,user048@example.com,Password048!
user049,user049@example.com,Password049!
user050,user050@example.com,Password050!
user051,user051@example.com,Password051!
user052,user052@example.com,Password052!
user053,user053@example.com,Password053!
user054,user054@example.com,Password054!
user055,user055@example.com,Password055!
user056,user056@example.com,Password056!
user057,user057@example.com,Password057!
user058,user058@example.com,Password058!
user059,user059@example.com,Password059!
user060,user060@example.com,Password060!
user061,user061@example.com,Password061!
user062,user062@example.com,Password062!
user063,user063@example.com,Password063!
user064,user064@example.com,Password064!
user065,user065@example.com,Password065!
user066,user066@example.com,Password066!
user067,user067@example.com,Password067!
user068,user068@example.com,Password068!
user069,user069@example.com,Password069!
user070,user070@example.com,Password070!
user071,user071@example.com,Password071!
user072,user072@example.com,Password072!
user073,user073@example.com,Password073!
user074,user074@example.com,Password074!
user075,user075@example.com,Password075!
user076,user076@example.com,Password076!
user077,user077@example.com,Password077!
user078,user078@example.com,Password078!
user079,user079@example.com,Password079!
user080,user080@example.com,Password080!
user081,user081@example.com,Password081!
user082,user082@example.com,Password082!
user083,user083@example.com,Password083!
user084,user084@example.com,Password084!
user085,user085@example.com,Password085!
user086,user086@example.com,Password086!
user087,user087@example.com,Password087!
user088,user088@example.com,Password088!
user089,user089@example.com,Password089!
user090,user090@example.com,Password090!
user091,user091@example.com,Password091!
user092,user092@example.com,Password092!
user093,user093@example.com,Password093!
user094,user094@example.com,Password094!
user095,user095@example.com,Password095!
user096,user096@example.com,Password096!
user097,user097@example.com,Password097!
user098,user098@example.com,Password098!
user099,user099@example.com,Password099!
user100,user100@example.com,Password100!
user101,user101@example.com,Password101!
user102,user102@example.com,Password102!
user103,user103@example.com,Password103!
user104,user104@example.com,Password104!
user105,user105@example.com,Password105!
user106,user106@example.com,Password106!
user107,user107@example.com,Password107!
user108,user108@example.com,Password108!
user109,user109@example.com,Password109!
user110,user110@example.com,Password110!
user111,user111@example.com,Password111!
user112,user112@example.com,Password112!
user113,user113@example.com,Password113!
user114,user114@example.com,Password114!
user115,user115@example.com,Password115!
user116,user116@example.com,Password116!
user117,user117@example.com,Password117!
user118,user118@example.com,Password118!
user119,user119@example.com,Password119!
user120,user120@example.com,Password120!
user121,user121@example.com,Password121!
user122,user122@example.com,Password122!
user123,user123@example.com,Password123!
user124,user124@example.com,Password124!
user125,user125@example.com,Password125!
user126,user126@example.com,Password126!
user127,user127@example.com,Password127!
user128,user128@example.com,Password128!
user129,user129@example.com,Password129!
user130,user130@example.com,Password130!
user131,user131@example.com,Password131!
user132,user132@example.com,Password132!
user133,user133@example.com,Password133!
user134,user134@example.com,Password134!
user135,user135@example.com,Password135!
user136,user136@example.com,Password136!
user137,user137@example.com,Password137!
user138,user138@example.com,Password138!
user139,user139@example.com,Password139!
user140,user140@example.com,Password140!
user141,user141@example.com,Password141!
user142,user142@example.com,Password142!
user143,user143@example.com,Password143!
user144,user144@example.com,Password144!
user145,user145@example.com,Password145!
user146,user146@example.com,Password146!
user147,user147@example.com,Password147!
user148,user148@example.com,Password148!
user149,user149@example.com,Password149!
user150,user150@example.com,Password150!
user151,user151@example.com,Password151!
user152,user152@example.com,Password152!
user153,user153@example.com,Password153!
user154,user154@example.com,Password154!
user155,user155@example.com,Password155!
user156,user156@example.com,Password156!
user157,user157@example.com,Password157!
user158,user158@example.com,Password158!
user159,user159@example.com,Password159!
user160,user160@example.com,Password160!
user161,user161@example.com,Password161!
user162,user162@example.com,Password162!
user163,user163@example.com,Password163!
user164,user164@example.com,Password164!
user165,user165@example.com,Password165!
user166,user166@example.com,Password166!
user167,user167@example.com,Password167!
user168,user168@example.com,Password168!
user169,user169@example.com,Password169!
user170,user170@example.com,Password170!
user171,user171@example.com,Password171!
user172,user172@example.com,Password172!
user173,user173@example.com,Password173!
user174,user174@example.com,Password174!
user175,user175@example.com,Password175!
user176,user176@example.com,Password176!
user177,user177@example.com,Password177!
user178,user178@example.com,Password178!
user179,user179@example.com,Password179!
user180,user180@example.com,Password180!
user181,user181@example.com,Password181!
user182,user182@example.com,Password182!
user183,user183@example.com,Password183!
user184,user184@example.com,Password184!
user185,user185@example.com,Password185!
user186,user186@example.com,Password186!
user187,user187@example.com,Password187!
user188,user188@example.com,Password188!
user189,user189@example.com,Password189!
user190,user190@example.com,Password190!
user191,user191@example.com,Password191!
user192,user192@example.com,Password192!
user193,user193@example.com,Password193!
user194,user194@example.com,Password194!
user195,user195@example.com,Password195!
user196,user196@example.com,Password196!
user197,user197@example.com,Password197!
user198,user198@example.com,Password198!
user199,user199@example.com,Password199!
user200,user200@example.com,Password200!
user201,user201@example.com,Password201!
user202,user202@example.com,Password202!
user203,user203@example.com,Password203!
user204,user204@example.com,Password204!
user205,user205@example.com,Password205!
user206,user206@example.com,Password206!
user207,user207@example.com,Password207!
user208,user208@example.com,Password208!
user209,user209@example.com,Password209!
user210,user210@example.com,Password210!
user211,user211@example.com,Password211!
user212,user212@example.com,Password212!
user213,user213@example.com,Password213!
user214,user214@example.com,Password214!
user215,user215@example.com,Password215!
user216,user216@example.com,Password216!
user217,user217@example.com,Password217!
user218,user218@example.com,Password218!
user219,user219@example.com,Password219!
user220,user220@example.com,Password220!
user221,user221@example.com,Password221!
user222,user222@example.com,Password222!
user223,user223@example.com,Password223!
user224,user224@example.com,Password224!
user225,user225@example.com,Password225!
user226,user226@example.com,Password226!
user227,user227@example.com,Password227!
user228,user228@example.com,Password228!
user229,user229@example.com,Password229!
user230,user230@example.com,Password230!
user231,user231@example.com,Password231!
user232,user232@example.com,Password232!
user233,user233@example.com,Password233!
user234,user234@example.com,Password234!
user235,user235@example.com,Password235!
user236,user236@example.com,Password236!
user237,user237@example.com,Password237!
user238,user238@example.com,Password238!
user239,user239@example.com,Password239!
user240,user240@example.com,Password240!
user241,user241@example.com,Password241!
user242,user242@example.com,Password242!
user243,user243@example.com,Password243!
user244,user244@example.com,Password244!
user245,user245@example.com,Password245!
user246,user246@example.com,Password246!
user247,user247@example.com,Password247!
user248,user248@example.com,Password248!
user249,user249@example.com,Password249!
user250,user250@example.com,Password250!
user251,user251@example.com,Password251!
user252,user252@example.com,Password252!
user253,user253@example.com,Password253!
user254,user254@example.com,Password254!
user255,user255@example.com,Password255!
user256,user256@example.com,Password256!
user257,user257@example.com,Password257!
user258,user258@example.com,Password258!
user259,user259@example.com,Password259!
user260,user260@example.com,Password260!
user261,user261@example.com,Password261!
user262,user262@example.com,Password262!
user263,user263@example.com,Password263!
user264,user264@example.com,Password264!
user265,user265@example.com,Password265!
user266,user266@example.com,Password266!
user267,user267@example.com,Password267!
user268,user268@example.com,Password268!
user269,user269@example.com,Password269!
user270,user270@example.com,Password270!
user271,user271@example.com,Password271!
user272,user272@example.com,Password272!
user273,user273@example.com,Password273!
user274,user274@example.com,Password274!
user275,user275@example.com,Password275!
user276,user276@example.com,Password276!
user277,user277@example.com,Password277!
user278,user278@example.com,Password278!
user279,user279@example.com,Password279!
user280,user280@example.com,Password280!
user281,user281@example.com,Password281!
user282,user282@example.com,Password282!
user283,user283@example.com,Password283!
user284,user284@example.com,Password284!
user285,user285@example.com,Password285!
user286,user286@example.com,Password286!
user287,user287@example.com,Password287!
user288,user288@example.com,Password288!
user289,user289@example.com,Password289!
user290,user290@example.com,Password290!
user291,user291@example.com,Password291!
user292,user292@example.com,Password292!
user293,user293@example.com,Password293!
user294,user294@example.com,Password294!
user295,user295@example.com,Password295!
user296,user296@example.com,Password296!
user297,user297@example.com,Password297!
user298,user298@example.com,Password298!
user299,user299@example.com,Password299!
user300,user300@example.com,Password300!
user301,user301@example.com,Password301!
user302,user302@example.com,Password302!
user303,user303@example.com,Password303!
user304,user304@example.com,Password304!
user305,user305@example.com,Password305!
user306,user306@example.com,Password306!
user307,user307@example.com,Password307!
user308,user308@example.com,Password308!
user309,user309@example.com,Password309!
user310,user310@example.com,Password310!
user311,user311@example.com,Password311!
user312,user312@example.com,Password312!
user313,user313@example.com,Password313!
user314,user314@example.com,Password314!
user315,user315@example.com,Password315!
user316,user316@example.com,Password316!
user317,user317@example.com,Password317!
user318,user318@example.com,Password318!
user319,user319@example.com,Password319!
user320,user320@example.com,Password320!
user321,user321@example.com,Password321!
user322,user322@example.com,Password322!
user323,user323@example.com,Password323!
user324,user324@example.com,Password324!
user325,user325@example.com,Password325!
user326,user326@example.com,Password326!
user327,user327@example.com,Password327!
user328,user328@example.com,Password328!
user329,user329@example.com,Password329!
user330,user330@example.com,Password330!
user331,user331@example.com,Password331!
user332,user332@example.com,Password332!
user333,user333@example.com,Password333!
user334,user334@example.com,Password334!
user335,user335@example.com,Password335!
user336,user336@example.com,Password336!
user337,user337@example.com,Password337!
user338,user338@example.com,Password338!
user339,user339@example.com,Password339!
user340,user340@example.com,Password340!
user341,user341@example.com,Password341!
user342,user342@example.com,Password342!
user343,user343@example.com,Password343!
user344,user344@example.com,Password344!
user345,user345@example.com,Password345!
user346,user346@example.com,Password346!
user347,user347@example.com,Password347!
user348,user348@example.com,Password348!
user349,user349@example.com,Password349!
user350,user350@example.com,Password350!
user351,user351@example.com,Password351!
user352,user352@example.com,Password352!
user353,user353@example.com,Password353!
user354,user354@example.com,Password354!
user355,user355@example.com,Password355!
user356,user356@example.com,Password356!
user357,user357@example.com,Password357!
user358,user358@example.com,Password358!
user359,user359@example.com,Password359!
user360,user360@example.com,Password360!
user361,user361@example.com,Password361!
user362,user362@example.com,Password362!
user363,user363@example.com,Password363!
user364,user364@example.com,Password364!
user365,user365@example.com,Password365!
user366,user366@example.com,Password366!
user367,user367@example.com,Password367!
user368,user368@example.com,Password368!
user369,user369@example.com,Password369!
user370,user370@example.com,Password370!
user371,user371@example.com,Password371!
user372,user372@example.com,Password372!
user373,user373@example.com,Password373!
user374,user374@example.com,Password374!
user375,user375@example.com,Password375!
user376,user376@example.com,Password376!
user377,user377@example.com,Password377!
user378,user378@example.com,Password378!
user379,user379@example.com,Password379!
user380,user380@example.com,Password380!
user381,user381@example.com,Password381!
user382,user382@example.com,Password382!
user383,user383@example.com,Password383!
user384,user384@example.com,Password384!
user385,user385@example.com,Password385!
user386,user386@example.com,Password386!
user387,user387@example.com,Password387!
user388,user388@example.com,Password388!
user389,user389@example.com,Password389!
user390,user390@example.com,Password390!
user391,user391@example.com,Password391!
user392,user392@example.com,Password392!
user393,user393@example.com,Password393!
user394,user394@example.com,Password394!
user395,user395@example.com,Password395!
user396,user396@example.com,Password396!
user397,user397@example.com,Password397!
user398,user398@example.com,Password398!
user399,user399@example.com,Password399!
user400,user400@example.com,Password400!
user401,user401@example.com,Password401!
user402,user402@example.com,Password402!
user403,user403@example.com,Password403!
user404,user404@example.com,Password404!
user405,user405@example.com,Password405!
user406,user406@example.com,Password406!
user407,user407@example.com,Password407!
user408,user408@example.com,Password408!
user409,user409@example.com,Password409!
user410,user410@example.com,Password410!
user411,user411@example.com,Password411!
user412,user412@example.com,Password412!
user413,user413@example.com,Password413!
user414,user414@example.com,Password414!
user415,user415@example.com,Password415!
user416,user416@example.com,Password416!
user417,user417@example.com,Password417!
user418,user418@example.com,Password418!
user419,user419@example.com,Password419!
user420,user420@example.com,Password420!
user421,user421@example.com,Password421!
user422,user422@example.com,Password422!
user423,user423@example.com,Password423!
user424,user424@example.com,Password424!
user425,user425@example.com,Password425!
user426,user426@example.com,Password426!
user427,user427@example.com,Password427!
user428,user428@example.com,Password428!
user429,user429@example.com,Password429!
user430,user430@example.com,Password430!
user431,user431@example.com,Password431!
user432,user432@example.com,Password432!
user433,user433@example.com,Password433!
user434,user434@example.com,Password434!
user435,user435@example.com,Password435!
user436,user436@example.com,Password436!
user437,user437@example.com,Password437!
user438,user438@example.com,Password438!
user439,user439@example.com,Password439!
user440,user440@example.com,Password440!
user441,user441@example.com,Password441!
user442,user442@example.com,Password442!
user443,user443@example.com,Password443!
user444,user444@example.com,Password444!
user445,user445@example.com,Password445!
user446,user446@example.com,Password446!
user447,user447@example.com,Password447!
user448,user448@example.com,Password448!
user449,user449@example.com,Password449!
user450,user450@example.com,Password450!
user451,user451@example.com,Password451!
user452,user452@example.com,Password452!
user453,user453@example.com,Password453!
user454,user454@example.com,Password454!
user455,user455@example.com,Password455!
user456,user456@example.com,Password456!
user457,user457@example.com,Password457!
user458,user458@example.com,Password458!
user459,user459@example.com,Password459!
user460,user460@example.com,Password460!
user461,user461@example.com,Password461!
user462,user462@example.com,Password462!
user463,user463@example.com,Password463!
user464,user464@example.com,Password464!
user465,user465@example.com,Password465!
user466,user466@example.com,Password466!
user467,user467@example.com,Password467!
user468,user468@example.com,Password468!
user469,user469@example.com,Password469!
user470,user470@example.com,Password470!
user471,user471@example.com,Password471!
user472,user472@example.com,Password472!
user473,user473@example.com,Password473!
user474,user474@example.com,Password474!
user475,user475@example.com,Password475!
user476,user476@example.com,Password476!
user477,user477@example.com,Password477!
user478,user478@example.com,Password478!
user479,user479@example.com,Password479!
user480,user480@example.com,Password480!
user481,user481@example.com,Password481!
user482,user482@example.com,Password482!
user483,user483@example.com,Password483!
user484,user484@example.com,Password484!
user485,user485@example.com,Password485!
user486,user486@example.com,Password486!
user487,user487@example.com,Password487!
user488,user488@example.com,Password488!
user489,user489@example.com,Password489!
user490,user490@example.com,Password490!
user491,user491@example.com,Password491!
user492,user492@example.com,Password492!
user493,user493@example.com,Password493!
user494,user494@example.com,Password494!
user495,user495@example.com,Password495!
user496,user496@example.com,Password496!
user497,user497@example.com,Password497!
user498,user498@example.com,Password498!
user499,user499@example.com,Password499!
user500,user500@example.com,Password500!
user501,user501@example.com,Password501!
user502,user502@example.com,Password502!
user503,user503@example.com,Password503!
user504,user504@example.com,Password504!
user505,user505@example.com,Password505!
user506,user506@example.com,Password506!
user507,user507@example.com,Password507!
user508,user508@example.com,Password508!
user509,user509@example.com,Password509!
user510,user510@example.com,Password510!
user511,user511@example.com,Password511!
user512,user512@example.com,Password512!
user513,user513@example.com,Password513!
user514,user514@example.com,Password514!
user515,user515@example.com,Password515!
user516,user516@example.com,Password516!
user517,user517@example.com,Password517!
user518,user518@example.com,Password518!
user519,user519@example.com,Password519!
user520,user520@example.com,Password520!
user521,user521@example.com,Password521!
user522,user522@example.com,Password522!
user523,user523@example.com,Password523!
user524,user524@example.com,Password524!
user525,user525@example.com,Password525!
user526,user526@example.com,Password526!
user527,user527@example.com,Password527!
user528,user528@example.com,Password528!
user529,user529@example.com,Password529!
user530,user530@example.com,Password530!
user531,user531@example.com,Password531!
user532,user532@example.com,Password532!
user533,user533@example.com,Password533!
user534,user534@example.com,Password534!
user535,user535@example.com,Password535!
user536,user536@example.com,Password536!
user537,user537@example.com,Password537!
user538,user538@example.com,Password538!
user539,user539@example.com,Password539!
user540,user540@example.com,Password540!
user541,user541@example.com,Password541!
user542,user542@example.com,Password542!
user543,user543@example.com,Password543!
user544,user544@example.com,Password544!
user545,user545@example.com,Password545!
user546,user546@example.com,Password546!
user547,user547@example.com,Password547!
user548,user548@example.com,Password548!
user549,user549@example.com,Password549!
user550,user550@example.com,Password550!
user551,user551@example.com,Password551!
user552,user552@example.com,Password552!
user553,user553@example.com,Password553!
user554,user554@example.com,Password554!
user555,user555@example.com,Password555!
user556,user556@example.com,Password556!
user557,user557@example.com,Password557!
user558,user558@example.com,Password558!
user559,user559@example.com,Password559!
user560,user560@example.com,Password560!
user561,user561@example.com,Password561!
user562,user562@example.com,Password562!
user563,user563@example.com,Password563!
user564,user564@example.com,Password564!
user565,user565@example.com,Password565!
user566,user566@example.com,Password566!
user567,user567@example.com,Password567!
user568,user568@example.com,Password568!
user569,user569@example.com,Password569!
user570,user570@example.com,Password570!
user571,user571@example.com,Password571!
user572,user572@example.com,Password572!
user573,user573@example.com,Password573!
user574,user574@example.com,Password574!
user575,user575@example.com,Password575!
user576,user576@example.com,Password576!
user577,user577@example.com,Password577!
user578,user578@example.com,Password578!
user579,user579@example.com,Password579!
user580,user580@example.com,Password580!
user581,user581@example.com,Password581!
user582,user582@example.com,Password582!
user583,user583@example.com,Password583!
user584,user584@example.com,Password584!
user585,user585@example.com,Password585!
user586,user586@example.com,Password586!
user587,user587@example.com,Password587!
user588,user588@example.com,Password588!
user589,user589@example.com,Password589!
user590,user590@example.com,Password590!
user591,user591@example.com,Password591!
user592,user592@example.com,Password592!
user593,user593@example.com,Password593!
user594,user594@example.com,Password594!
user595,user595@example.com,Password595!
user596,user596@example.com,Password596!
user597,user597@example.com,Password597!
user598,user598@example.com,Password598!
user599,user599@example.com,Password599!
user600,user600@example.com,Password600!
user601,user601@example.com,Password601!
user602,user602@example.com,Password602!
user603,user603@example.com,Password603!
user604,user604@example.com,Password604!
user605,user605@example.com,Password605!
user606,user606@example.com,Password606!
user607,user607@example.com,Password607!
user608,user608@example.com,Password608!
user609,user609@example.com,Password609!
user610,user610@example.com,Password610!
user611,user611@example.com,Password611!
user612,user612@example.com,Password612!
user613,user613@example.com,Password613!
user614,user614@example.com,Password614!
user615,user615@example.com,Password615!
user616,user616@example.com,Password616!
user617,user617@example.com,Password617!
user618,user618@example.com,Password618!
user619,user619@example.com,Password619!
user620,user620@example.com,Password620!
user621,user621@example.com,Password621!
user622,user622@example.com,Password622!
user623,user623@example.com,Password623!
user624,user624@example.com,Password624!
user625,user625@example.com,Password625!
user626,user626@example.com,Password626!
user627,user627@example.com,Password627!
user628,user628@example.com,Password628!
user629,user629@example.com,Password629!
user630,user630@example.com,Password630!
user631,user631@example.com,Password631!
user632,user632@example.com,Password632!
user633,user633@example.com,Password633!
user634,user634@example.com,Password634!
user635,user635@example.com,Password635!
user636,user636@example.com,Password636!
user637,user637@example.com,Password637!
user638,user638@example.com,Password638!
user639,user639@example.com,Password639!
user640,user640@example.com,Password640!
user641,user641@example.com,Password641!
user642,user642@example.com,Password642!
user643,user643@example.com,Password643!
user644,user644@example.com,Password644!
user645,user645@example.com,Password645!
user646,user646@example.com,Password646!
user647,user647@example.com,Password647!
user648,user648@example.com,Password648!
user649,user649@example.com,Password649!
user650,user650@example.com,Password650!
user651,user651@example.com,Password651!
user652,user652@example.com,Password652!
user653,user653@example.com,Password653!
user654,user654@example.com,Password654!
user655,user655@example.com,Password655!
user656,user656@example.com,Password656!
user657,user657@example.com,Password657!
user658,user658@example.com,Password658!
user659,user659@example.com,Password659!
user660,user660@example.com,Password660!
user661,user661@example.com,Password661!
user662,user662@example.com,Password662!
user663,user663@example.com,Password663!
user664,user664@example.com,Password664!
user665,user665@example.com,Password665!
user666,user666@example.com,Password666!
user667,user667@example.com,Password667!
user668,user668@example.com,Password668!
user669,user669@example.com,Password669!
user670,user670@example.com,Password670!
user671,user671@example.com,Password671!
user672,user672@example.com,Password672!
user673,user673@example.com,Password673!
user674,user674@example.com,Password674!
user675,user675@example.com,Password675!
user676,user676@example.com,Password676!
user677,user677@example.com,Password677!
user678,user678@example.com,Password678!
user679,user679@example.com,Password679!
user680,user680@example.com,Password680!
user681,user681@example.com,Password681!
user682,user682@example.com,Password682!
user683,user683@example.com,Password683!
user684,user684@example.com,Password684!
user685,user685@example.com,Password685!
user686,user686@example.com,Password686!
user687,user687@example.com,Password687!
user688,user688@example.com,Password688!
user689,user689@example.com,Password689!
user690,user690@example.com,Password690!
user691,user691@example.com,Password691!
user692,user692@example.com,Password692!
user693,user693@example.com,Password693!
user694,user694@example.com,Password694!
user695,user695@example.com,Password695!
user696,user696@example.com,Password696!
user697,user697@example.com,Password697!
user698,user698@example.com,Password698!
user699,user699@example.com,Password699!
user700,user700@example.com,Password700!
user701,user701@example.com,Password701!
user702,user702@example.com,Password702!
user703,user703@example.com,Password703!
user704,user704@example.com,Password704!
user705,user705@example.com,Password705!
user706,user706@example.com,Password706!
user707,user707@example.com,Password707!
user708,user708@example.com,Password708!
user709,user709@example.com,Password709!
user710,user710@example.com,Password710!
user711,user711@example.com,Password711!
user712,user712@example.com,Password712!
user713,user713@example.com,Password713!
user714,user714@example.com,Password714!
user715,user715@example.com,Password715!
user716,user716@example.com,Password716!
user717,user717@example.com,Password717!
user718,user718@example.com,Password718!
user719,user719@example.com,Password719!
user720,user720@example.com,Password720!
user721,user721@example.com,Password721!
user722,user722@example.com,Password722!
user723,user723@example.com,Password723!
user724,user724@example.com,Password724!
user725,user725@example.com,Password725!
user726,user726@example.com,Password726!
user727,user727@example.com,Password727!
user728,user728@example.com,Password728!
user729,user729@example.com,Password729!
user730,user730@example.com,Password730!
user731,user731@example.com,Password731!
user732,user732@example.com,Password732!
user733,user733@example.com,Password733!
user734,user734@example.com,Password734!
user735,user735@example.com,Password735!
user736,user736@example.com,Password736!
user737,user737@example.com,Password737!
user738,user738@example.com,Password738!
user739,user739@example.com,Password739!
user740,user740@example.com,Password740!
user741,user741@example.com,Password741!
user742,user742@example.com,Password742!
user743,user743@example.com,Password743!
user744,user744@example.com,Password744!
user745,user745@example.com,Password745!
user746,user746@example.com,Password746!
user747,user747@example.com,Password747!
user748,user748@example.com,Password748!
user749,user749@example.com,Password749!
user750,user750@example.com,Password750!
user751,user751@example.com,Password751!
user752,user752@example.com,Password752!
user753,user753@example.com,Password753!
user754,user754@example.com,Password754!
user755,user755@example.com,Password755!
user756,user756@example.com,Password756!
user757,user757@example.com,Password757!
user758,user758@example.com,Password758!
user759,user759@example.com,Password759!
user760,user760@example.com,Password760!
user761,user761@example.com,Password761!
user762,user762@example.com,Password762!
user763,user763@example.com,Password763!
user764,user764@example.com,Password764!
user765,user765@example.com,Password765!
user766,user766@example.com,Password766!
user767,user767@example.com,Password767!
user768,user768@example.com,Password768!
user769,user769@example.com,Password769!
user770,user770@example.com,Password770!
user771,user771@example.com,Password771!
user772,user772@example.com,Password772!
user773,user773@example.com,Password773!
user774,user774@example.com,Password774!
user775,user775@example.com,Password775!
user776,user776@example.com,Password776!
user777,user777@example.com,Password777!
user778,user778@example.com,Password778!
user779,user779@example.com,Password779!
user780,user780@example.com,Password780!
user781,user781@example.com,Password781!
user782,user782@example.com,Password782!
user783,user783@example.com,Password783!
user784,user784@example.com,Password784!
user785,user785@example.com,Password785!
user786,user786@example.com,Password786!
user787,user787@example.com,Password787!
user788,user788@example.com,Password788!
user789,user789@example.com,Password789!
user790,user790@example.com,Password790!
user791,user791@example.com,Password791!
user792,user792@example.com,Password792!
user793,user793@example.com,Password793!
user794,user794@example.com,Password794!
user795,user795@example.com,Password795!
user796,user796@example.com,Password796!
user797,user797@example.com,Password797!
user798,user798@example.com,Password798!
user799,user799@example.com,Password799!
user800,user800@example.com,Password800!
user801,user801@example.com,Password801!
user802,user802@example.com,Password802!
user803,user803@example.com,Password803!
user804,user804@example.com,Password804!
user805,user805@example.com,Password805!
user806,user806@example.com,Password806!
user807,user807@example.com,Password807!
user808,user808@example.com,Password808!
user809,user809@example.com,Password809!
user810,user810@example.com,Password810!
user811,user811@example.com,Password811!
user812,user812@example.com,Password812!
user813,user813@example.com,Password813!
user814,user814@example.com,Password814!
user815,user815@example.com,Password815!
user816,user816@example.com,Password816!
user817,user817@example.com,Password817!
user818,user818@example.com,Password818!
user819,user819@example.com,Password819!
user820,user820@example.com,Password820!
user821,user821@example.com,Password821!
user822,user822@example.com,Password822!
user823,user823@example.com,Password823!
user824,user824@example.com,Password824!
user825,user825@example.com,Password825!
user826,user826@example.com,Password826!
user827,user827@example.com,Password827!
user828,user828@example.com,Password828!
user829,user829@example.com,Password829!
user830,user830@example.com,Password830!
user831,user831@example.com,Password831!
user832,user832@example.com,Password832!
user833,user833@example.com,Password833!
user834,user834@example.com,Password834!
user835,user835@example.com,Password835!
user836,user836@example.com,Password836!
user837,user837@example.com,Password837!
user838,user838@example.com,Password838!
user839,user839@example.com,Password839!
user840,user840@example.com,Password840!
user841,user841@example.com,Password841!
user842,user842@example.com,Password842!
user843,user843@example.com,Password843!
user844,user844@example.com,Password844!
user845,user845@example.com,Password845!
user846,user846@example.com,Password846!
user847,user847@example.com,Password847!
user848,user848@example.com,Password848!
user849,user849@example.com,Password849!
user850,user850@example.com,Password850!
user851,user851@example.com,Password851!
user852,user852@example.com,Password852!
user853,user853@example.com,Password853!
user854,user854@example.com,Password854!
user855,user855@example.com,Password855!
user856,user856@example.com,Password856!
user857,user857@example.com,Password857!
user858,user858@example.com,Password858!
user859,user859@example.com,Password859!
user860,user860@example.com,Password860!
user861,user861@example.com,Password861!
user862,user862@example.com,Password862!
user863,user863@example.com,Password863!
user864,user864@example.com,Password864!
user865,user865@example.com,Password865!
user866,user866@example.com,Password866!
user867,user867@example.com,Password867!
user868,user868@example.com,Password868!
user869,user869@example.com,Password869!
user870,user870@example.com,Password870!
user871,user871@example.com,Password871!
user872,user872@example.com,Password872!
user873,user873@example.com,Password873!
user874,user874@example.com,Password874!
user875,user875@example.com,Password875!
user876,user876@example.com,Password876!
user877,user877@example.com,Password877!
user878,user878@example.com,Password878!
user879,user879@example.com,Password879!
user880,user880@example.com,Password880!
user881,user881@example.com,Password881!
user882,user882@example.com,Password882!
user883,user883@example.com,Password883!
user884,user884@example.com,Password884!
user885,user885@example.com,Password885!
user886,user886@example.com,Password886!
user887,user887@example.com,Password887!
user888,user888@example.com,Password888!
user889,user889@example.com,Password889!
user890,user890@example.com,Password890!
user891,user891@example.com,Password891!
user892,user892@example.com,Password892!
user893,user893@example.com,Password893!
user894,user894@example.com,Password894!
user895,user895@example.com,Password895!
user896,user896@example.com,Password896!
user897,user897@example.com,Password897!
user898,user898@example.com,Password898!
user899,user899@example.com,Password899!
user900,user900@example.com,Password900!
user901,user901@example.com,Password901!
user902,user902@example.com,Password902!
user903,user903@example.com,Password903!
user904,user904@example.com,Password904!
user905,user905@example.com,Password905!
user906,user906@example.com,Password906!
user907,user907@example.com,Password907!
user908,user908@example.com,Password908!
user909,user909@example.com,Password909!
user910,user910@example.com,Password910!
user911,user911@example.com,Password911!
user912,user912@example.com,Password912!
user913,user913@example.com,Password913!
user914,user914@example.com,Password914!
user915,user915@example.com,Password915!
user916,user916@example.com,Password916!
user917,user917@example.com,Password917!
user918,user918@example.com,Password918!
user919,user919@example.com,Password919!
user920,user920@example.com,Password920!
user921,user921@example.com,Password921!
user922,user922@example.com,Password922!
user923,user923@example.com,Password923!
user924,user924@example.com,Password924!
user925,user925@example.com,Password925!
user926,user926@example.com,Password926!
user927,user927@example.com,Password927!
user928,user928@example.com,Password928!
user929,user929@example.com,Password929!
user930,user930@example.com,Password930!
user931,user931@example.com,Password931!
user932,user932@example.com,Password932!
user933,user933@example.com,Password933!
user934,user934@example.com,Password934!
user935,user935@example.com,Password935!
user936,user936@example.com,Password936!
user937,user937@example.com,Password937!
user938,user938@example.com,Password938!
user939,user939@example.com,Password939!
user940,user940@example.com,Password940!
user941,user941@example.com,Password941!
user942,user942@example.com,Password942!
user943,user943@example.com,Password943!
user944,user944@example.com,Password944!
user945,user945@example.com,Password945!
user946,user946@example.com,Password946!
user947,user947@example.com,Password947!
user948,user948@example.com,Password948!
user949,user949@example.com,Password949!
user950,user950@example.com,Password950!
user951,user951@example.com,Password951!
user952,user952@example.com,Password952!
user953,user953@example.com,Password953!
user954,user954@example.com,Password954!
user955,user955@example.com,Password955!
user956,user956@example.com,Password956!
user957,user957@example.com,Password957!
user958,user958@example.com,Password958!
user959,user959@example.com,Password959!
user960,user960@example.com,Password960!
user961,user961@example.com,Password961!
user962,user962@example.com,Password962!
user963,user963@example.com,Password963!
user964,user964@example.com,Password964!
user965,user965@example.com,Password965!
user966,user966@example.com,Password966!
user967,user967@example.com,Password967!
user968,user968@example.com,Password968!
user969,user969@example.com,Password969!
user970,user970@example.com,Password970!
user971,user971@example.com,Password971!
user972,user972@example.com,Password972!
user973,user973@example.com,Password973!
user974,user974@example.com,Password974!
user975,user975@example.com,Password975!
user976,user976@example.com,Password976!
user977,user977@example.com,Password977!
user978,user978@example.com,Password978!
user979,user979@example.com,Password979!
user980,user980@example.com,Password980!
user981,user981@example.com,Password981!
user982,user982@example.com,Password982!
user983,user983@example.com,Password983!
user984,user984@example.com,Password984!
user985,user985@example.com,Password985!
user986,user986@example.com,Password986!
user987,user987@example.com,Password987!
user988,user988@example.com,Password988!
user989,user989@example.com,Password989!
user990,user990@example.com,Password990!
user991,user991@example.com,Password991!
user992,user992@example.com,Password992!
user993,user993@example.com,Password993!
user994,user994@example.com,Password994!
user995,user995@example.com,Password995!
user996,user996@example.com,Password996!
user997,user997@example.com,Password997!
user998,user998@example.com,Password998!
user999,user999@example.com,Password999!
user1000,user1000@example.com,Password1000!
